Modelo,Color,Site,Attacked,Predator,Certainty
1,Red,Los Catios,No,None,NA
2,Red,Los Catios,No,None,NA
3,Red,Los Catios,No,None,NA
4,Red,Los Catios,No,None,NA
5,Red,Los Catios,No,None,NA
6,Red,Los Catios,No,None,NA
7,Red,Los Catios,No,None,NA
8,Red,Los Catios,No,None,NA
9,Red,Los Catios,No,None,NA
10,Red,Los Catios,No,None,NA
11,Red,Los Catios,No,None,NA
12,Red,Los Catios,No,None,NA
13,Red,Los Catios,No,None,NA
14,Red,Los Catios,No,None,NA
15,Red,Los Catios,No,None,NA
16,Red,Los Catios,No,None,NA
17,Red,Los Catios,No,None,NA
18,Red,Los Catios,No,None,NA
19,Red,Los Catios,No,None,NA
20,Red,Los Catios,No,None,NA
21,Red,Los Catios,No,None,NA
22,Red,Los Catios,No,None,NA
23,Red,Los Catios,No,None,NA
24,Red,Los Catios,No,None,NA
25,Red,Los Catios,No,None,NA
26,Red,Los Catios,No,None,NA
27,Red,Los Catios,No,None,NA
28,Red,Los Catios,No,None,NA
29,Red,Los Catios,No,None,NA
30,Red,Los Catios,No,None,NA
31,Red,Los Catios,No,None,NA
32,Red,Los Catios,No,None,NA
33,Red,Los Catios,No,None,NA
34,Red,Los Catios,No,None,NA
35,Red,Los Catios,No,None,NA
36,Red,Los Catios,No,None,NA
37,Red,Los Catios,No,None,NA
38,Red,Los Catios,No,None,NA
39,Red,Los Catios,No,None,NA
40,Red,Los Catios,No,None,NA
41,Red,Los Catios,No,None,NA
42,Red,Los Catios,No,None,NA
43,Red,Los Catios,No,None,NA
44,Red,Los Catios,No,None,NA
45,Red,Los Catios,No,None,NA
46,Red,Los Catios,No,None,NA
47,Red,Los Catios,No,None,NA
48,Red,Los Catios,No,None,NA
49,Red,Los Catios,No,None,NA
50,Red,Los Catios,No,None,NA
51,Red,Los Catios,No,None,NA
52,Red,Los Catios,No,None,NA
53,Red,Los Catios,No,None,NA
54,Red,Los Catios,No,None,NA
55,Red,Los Catios,No,None,NA
56,Red,Los Catios,No,None,NA
57,Red,Los Catios,No,None,NA
58,Red,Los Catios,No,None,NA
59,Red,Los Catios,No,None,NA
60,Red,Los Catios,No,None,NA
61,Red,Los Catios,No,None,NA
62,Red,Los Catios,No,None,NA
63,Red,Los Catios,No,None,NA
64,Red,Los Catios,No,None,NA
65,Red,Los Catios,No,None,NA
66,Red,Los Catios,No,None,NA
67,Red,Los Catios,No,None,NA
68,Red,Los Catios,No,None,NA
69,Red,Los Catios,No,None,NA
70,Red,Los Catios,No,None,NA
71,Red,Los Catios,No,None,NA
72,Red,Los Catios,No,None,NA
73,Red,Los Catios,No,None,NA
74,Red,Los Catios,No,None,NA
75,Red,Los Catios,No,None,NA
76,Red,Los Catios,No,None,NA
77,Red,Los Catios,No,None,NA
78,Red,Los Catios,No,None,NA
79,Red,Los Catios,No,None,NA
80,Red,Los Catios,No,None,NA
81,Red,Los Catios,No,None,NA
82,Red,Los Catios,No,None,NA
83,Red,Los Catios,No,None,NA
84,Red,Los Catios,No,None,NA
85,Red,Los Catios,No,None,NA
86,Red,Los Catios,No,None,NA
87,Red,Los Catios,No,None,NA
88,Red,Los Catios,No,None,NA
89,Red,Los Catios,No,None,NA
90,Red,Los Catios,No,None,NA
91,Red,Los Catios,No,None,NA
92,Red,Los Catios,No,None,NA
93,Red,Los Catios,No,None,NA
94,Red,Los Catios,No,None,NA
95,Red,Los Catios,No,None,NA
96,Red,Los Catios,No,None,NA
97,Red,Los Catios,No,None,NA
98,Red,Los Catios,No,None,NA
99,Red,Los Catios,No,None,NA
100,Red,Los Catios,No,None,NA
101,Red,Los Catios,No,None,NA
102,Red,Los Catios,No,None,NA
103,Red,Los Catios,No,None,NA
104,Red,Los Catios,No,None,NA
105,Red,Los Catios,No,None,NA
106,Red,Los Catios,No,None,NA
107,Red,Los Catios,No,None,NA
108,Red,Los Catios,No,None,NA
109,Red,Los Catios,No,None,NA
110,Red,Los Catios,No,None,NA
111,Red,Los Catios,No,None,NA
112,Red,Los Catios,No,None,NA
113,Red,Los Catios,No,None,NA
114,Red,Los Catios,No,None,NA
115,Red,Los Catios,No,None,NA
116,Red,Los Catios,No,None,NA
117,Red,Los Catios,No,None,NA
118,Red,Los Catios,No,None,NA
119,Red,Los Catios,No,None,NA
120,Red,Los Catios,No,None,NA
121,Red,Los Catios,No,None,NA
122,Red,Los Catios,No,None,NA
123,Red,Los Catios,No,None,NA
124,Red,Los Catios,No,None,NA
125,Red,Los Catios,No,None,NA
126,Red,Los Catios,No,None,NA
127,Red,Los Catios,No,None,NA
128,Red,Los Catios,No,None,NA
129,Red,Los Catios,No,None,NA
130,Red,Los Catios,No,None,NA
131,Red,Los Catios,No,None,NA
132,Red,Los Catios,No,None,NA
133,Red,Los Catios,No,None,NA
134,Red,Los Catios,No,None,NA
135,Red,Los Catios,No,None,NA
136,Red,Los Catios,No,None,NA
137,Red,Los Catios,No,None,NA
138,Red,Los Catios,No,None,NA
139,Red,Los Catios,No,None,NA
140,Red,Los Catios,No,None,NA
141,Red,Los Catios,No,None,NA
142,Red,Los Catios,No,None,NA
143,Red,Los Catios,No,None,NA
144,Red,Los Catios,No,None,NA
145,Red,Los Catios,No,None,NA
146,Red,Los Catios,No,None,NA
147,Red,Los Catios,No,None,NA
148,Red,Los Catios,No,None,NA
149,Red,Los Catios,No,None,NA
150,Red,Los Catios,No,None,NA
151,Red,Los Catios,No,None,NA
152,Red,Los Catios,No,None,NA
153,Red,Los Catios,No,None,NA
154,Red,Los Catios,No,None,NA
155,Red,Los Catios,No,None,NA
156,Red,Los Catios,No,None,NA
157,Red,Los Catios,No,None,NA
158,Red,Los Catios,No,None,NA
159,Red,Los Catios,No,None,NA
160,Red,Los Catios,No,None,NA
161,Red,Los Catios,No,None,NA
162,Red,Los Catios,No,None,NA
163,Red,Los Catios,No,None,NA
164,Red,Los Catios,No,None,NA
165,Red,Los Catios,No,None,NA
166,Red,Los Catios,No,None,NA
167,Red,Los Catios,No,None,NA
168,Red,Los Catios,No,None,NA
169,Red,Los Catios,Attacked,Artropodo,Seguro
170,Red,Los Catios,Attacked,Artropodo,Seguro
171,Red,Los Catios,Attacked,Artropodo,Seguro
172,Red,Los Catios,Attacked,Artropodo,Seguro
173,Red,Los Catios,Attacked,Artropodo,Seguro
174,Red,Los Catios,Attacked,Artropodo,Seguro
175,Red,Los Catios,Attacked,Ave,Seguro
176,Red,Los Catios,Attacked,Ave,Seguro
177,Red,Los Catios,Attacked,Mamifero,Seguro
178,Red,Los Catios,Attacked,Ave,Tentativo
179,Red,Los Catios,Attacked,Ave,Seguro
180,Red,Los Catios,Attacked,Ave,Seguro
181,Red,Los Catios,Attacked,Mamifero,Seguro
182,Red,Los Catios,Attacked,Mamifero,Seguro
183,Red,Los Catios,Attacked,Ave,Seguro
184,Red,Los Catios,Attacked,Artropodo,Seguro
185,Red,Los Catios,Attacked,Artropodo,Seguro
186,Red,Los Catios,Attacked,Artropodo,Seguro
187,Red,Los Catios,Attacked,Ave,Tentativo
188,Red,Los Catios,Attacked,Mamifero,Seguro
189,Red,Los Catios,Attacked,Artropodo,Seguro
190,Red,Los Catios,Attacked,Ave,Seguro
191,Red,Los Catios,Attacked,Mamifero,Seguro
192,Red,Los Catios,Attacked,Artropodo,Seguro
193,Red,Los Catios,Attacked,Artropodo,Seguro
194,Red,Los Catios,Attacked,Artropodo,Seguro
195,Red,Los Catios,Attacked,Ave,Tentativo
196,Red,Los Catios,Attacked,Artropodo,Seguro
197,Red,Los Catios,Attacked,Artropodo,Seguro
198,Red,Los Catios,Attacked,Mamifero,Seguro
199,Red,Los Catios,Attacked,Ave,Tentativo
200,Red,Los Catios,Attacked,Artropodo,Seguro
201,Red,Los Catios,Attacked,Artropodo,Seguro
202,Red,Los Catios,Attacked,Ave,Seguro
203,Red,Los Catios,Attacked,Artropodo,Seguro
204,Red,Los Catios,Attacked,Artropodo,Seguro
205,Red,Los Catios,Attacked,Artropodo,Seguro
206,Red,Los Catios,Attacked,Artropodo,Seguro
207,Red,Los Catios,Attacked,Mamifero,Seguro
208,Red,Los Catios,Attacked,Mamifero,Seguro
209,Red,Los Catios,Attacked,Mamifero,Seguro
210,Red,Los Catios,Attacked,Artropodo,Seguro
211,Red,Los Catios,Attacked,Artropodo,Seguro
212,Red,Los Catios,Attacked,Ave,Seguro
213,Red,Los Catios,Attacked,Artropodo,Seguro
214,Red,Los Catios,Attacked,Ave,Tentativo
215,Red,Los Catios,Attacked,Ave,Tentativo
216,Red,Los Catios,Attacked,Artropodo,Seguro
217,Red,Los Catios,Attacked,Artropodo,Seguro
218,Red,Los Catios,Attacked,Artropodo,Seguro
219,Red,Los Catios,Attacked,Ave,Tentativo
220,Red,Los Catios,Attacked,Ave,Seguro
221,Red,Los Catios,Attacked,Artropodo,Seguro
222,Red,Los Catios,Attacked,Ave,Seguro
223,Red,Los Catios,Attacked,Ave,Seguro
224,Red,Los Catios,Attacked,Mamifero,Seguro
225,Red,Los Catios,Attacked,Ave,Seguro
226,Red,Los Catios,Attacked,Ave,Seguro
227,Red,Los Catios,Attacked,Mamifero,Seguro
228,Red,Los Catios,Attacked,Ave,Seguro
229,Red,Los Catios,Attacked,Artropodo,Seguro
230,Red,Los Catios,Attacked,Artropodo,Seguro
231,Red,Los Catios,Attacked,Ave,Seguro
232,Red,Los Catios,Attacked,Artropodo,Seguro
233,Red,Los Catios,Attacked,Mamifero,Seguro
234,Red,Los Catios,Attacked,Ave,Seguro
235,Red,Los Catios,Attacked,Ave,Seguro
236,Red,Los Catios,Attacked,Ave,Seguro
237,Red,Los Catios,Attacked,Artropodo,Seguro
238,Red,Los Catios,Attacked,Artropodo,Seguro
239,Red,Los Catios,Attacked,Artropodo,Seguro
240,Red,Los Catios,Attacked,Artropodo,Seguro
241,Red,Los Catios,Attacked,Artropodo,Seguro
242,Red,Los Catios,Attacked,Mamifero,Seguro
243,Red,Los Catios,Attacked,Artropodo,Seguro
244,Red,Los Catios,Attacked,Artropodo,Seguro
245,Red,Los Catios,Attacked,Artropodo,Seguro
246,Red,Los Catios,Attacked,Ave,Seguro
247,Red,Los Catios,Attacked,Ave,Seguro
248,Red,Los Catios,Attacked,Ave,Seguro
249,Red,Los Catios,Attacked,Artropodo,Seguro
250,Red,Los Catios,Attacked,Artropodo,Seguro
251,Yellow,Los Catios,Attacked,Artropodo,Seguro
252,Yellow,Los Catios,Attacked,Artropodo,Seguro
253,Yellow,Los Catios,Attacked,Artropodo,Seguro
254,Yellow,Los Catios,Attacked,Artropodo,Seguro
255,Yellow,Los Catios,Attacked,Artropodo,Seguro
256,Yellow,Los Catios,Attacked,Artropodo,Seguro
257,Yellow,Los Catios,Attacked,Artropodo,Seguro
258,Yellow,Los Catios,Attacked,Artropodo,Seguro
259,Yellow,Los Catios,Attacked,Artropodo,Seguro
260,Yellow,Los Catios,Attacked,Artropodo,Seguro
261,Yellow,Los Catios,Attacked,Artropodo,Seguro
262,Yellow,Los Catios,Attacked,Artropodo,Seguro
263,Yellow,Los Catios,Attacked,Artropodo,Seguro
264,Yellow,Los Catios,Attacked,Artropodo,Seguro
265,Yellow,Los Catios,Attacked,Artropodo,Seguro
266,Yellow,Los Catios,Attacked,Artropodo,Seguro
267,Yellow,Los Catios,Attacked,Artropodo,Seguro
268,Yellow,Los Catios,Attacked,Artropodo,Seguro
269,Yellow,Los Catios,Attacked,Artropodo,Seguro
270,Yellow,Los Catios,Attacked,Artropodo,Seguro
271,Yellow,Los Catios,Attacked,Artropodo,Seguro
272,Yellow,Los Catios,Attacked,Artropodo,Seguro
273,Yellow,Los Catios,Attacked,Artropodo,Seguro
274,Yellow,Los Catios,Attacked,Artropodo,Seguro
275,Yellow,Los Catios,Attacked,Artropodo,Seguro
276,Yellow,Los Catios,Attacked,Artropodo,Seguro
277,Yellow,Los Catios,Attacked,Artropodo,Seguro
278,Yellow,Los Catios,Attacked,Artropodo,Seguro
279,Yellow,Los Catios,Attacked,Artropodo,Seguro
280,Yellow,Los Catios,Attacked,Artropodo,Seguro
281,Yellow,Los Catios,Attacked,Artropodo,Seguro
282,Yellow,Los Catios,Attacked,Artropodo,Seguro
283,Yellow,Los Catios,Attacked,Artropodo,Seguro
284,Yellow,Los Catios,Attacked,Artropodo,Seguro
285,Yellow,Los Catios,Attacked,Artropodo,Seguro
286,Yellow,Los Catios,Attacked,Artropodo,Seguro
287,Yellow,Los Catios,Attacked,Artropodo,Seguro
288,Yellow,Los Catios,Attacked,Artropodo,Seguro
289,Yellow,Los Catios,Attacked,Ave,Seguro
290,Yellow,Los Catios,Attacked,Ave,Seguro
291,Yellow,Los Catios,Attacked,Ave,Seguro
292,Yellow,Los Catios,Attacked,Ave,Seguro
293,Yellow,Los Catios,Attacked,Ave,Seguro
294,Yellow,Los Catios,Attacked,Ave,Seguro
295,Yellow,Los Catios,Attacked,Ave,Seguro
296,Yellow,Los Catios,Attacked,Ave,Seguro
297,Yellow,Los Catios,Attacked,Ave,Seguro
298,Yellow,Los Catios,Attacked,Ave,Seguro
299,Yellow,Los Catios,Attacked,Ave,Tentativo
300,Yellow,Los Catios,Attacked,Ave,Seguro
301,Yellow,Los Catios,Attacked,Ave,Seguro
302,Yellow,Los Catios,Attacked,Ave,Seguro
303,Yellow,Los Catios,Attacked,Ave,Seguro
304,Yellow,Los Catios,Attacked,Ave,Seguro
305,Yellow,Los Catios,Attacked,Ave,Seguro
306,Yellow,Los Catios,Attacked,Ave,Seguro
307,Yellow,Los Catios,Attacked,Ave,Seguro
308,Yellow,Los Catios,Attacked,Ave,Seguro
309,Yellow,Los Catios,Attacked,Ave,Seguro
310,Yellow,Los Catios,Attacked,Ave,Seguro
311,Yellow,Los Catios,Attacked,Ave,Seguro
312,Yellow,Los Catios,Attacked,Ave,Seguro
313,Yellow,Los Catios,Attacked,Ave,Seguro
314,Yellow,Los Catios,Attacked,Ave,Seguro
315,Yellow,Los Catios,Attacked,Ave,Seguro
316,Yellow,Los Catios,Attacked,Ave,Seguro
317,Yellow,Los Catios,Attacked,Ave,Seguro
318,Yellow,Los Catios,Attacked,Ave,Seguro
319,Yellow,Los Catios,Attacked,Ave,Seguro
320,Yellow,Los Catios,Attacked,Ave,Seguro
321,Yellow,Los Catios,Attacked,Ave,Tentativo
322,Yellow,Los Catios,Attacked,Mamifero,Seguro
323,Yellow,Los Catios,Attacked,Mamifero,Seguro
324,Yellow,Los Catios,Attacked,Mamifero,Seguro
325,Yellow,Los Catios,Attacked,Mamifero,Seguro
326,Yellow,Los Catios,Attacked,Mamifero,Seguro
327,Yellow,Los Catios,Attacked,Mamifero,Seguro
328,Yellow,Los Catios,Attacked,Mamifero,Seguro
329,Yellow,Los Catios,Attacked,Mamifero,Seguro
330,Yellow,Los Catios,Attacked,Mamifero,Seguro
331,Yellow,Los Catios,Attacked,Mamifero,Seguro
332,Yellow,Los Catios,Attacked,Mamifero,Seguro
333,Yellow,Los Catios,Attacked,Mamifero,Seguro
334,Yellow,Los Catios,Attacked,Mamifero,Seguro
335,Yellow,Los Catios,Attacked,Mamifero,Seguro
336,Yellow,Los Catios,Attacked,Mamifero,Seguro
337,Yellow,Los Catios,Attacked,Mamifero,Seguro
338,Yellow,Los Catios,No,None,NA
339,Yellow,Los Catios,No,None,NA
340,Yellow,Los Catios,No,None,NA
341,Yellow,Los Catios,No,None,NA
342,Yellow,Los Catios,No,None,NA
343,Yellow,Los Catios,No,None,NA
344,Yellow,Los Catios,No,None,NA
345,Yellow,Los Catios,No,None,NA
346,Yellow,Los Catios,No,None,NA
347,Yellow,Los Catios,No,None,NA
348,Yellow,Los Catios,No,None,NA
349,Yellow,Los Catios,No,None,NA
350,Yellow,Los Catios,No,None,NA
351,Yellow,Los Catios,No,None,NA
352,Yellow,Los Catios,No,None,NA
353,Yellow,Los Catios,No,None,NA
354,Yellow,Los Catios,No,None,NA
355,Yellow,Los Catios,No,None,NA
356,Yellow,Los Catios,No,None,NA
357,Yellow,Los Catios,No,None,NA
358,Yellow,Los Catios,No,None,NA
359,Yellow,Los Catios,No,None,NA
360,Yellow,Los Catios,No,None,NA
361,Yellow,Los Catios,No,None,NA
362,Yellow,Los Catios,No,None,NA
363,Yellow,Los Catios,No,None,NA
364,Yellow,Los Catios,No,None,NA
365,Yellow,Los Catios,No,None,NA
366,Yellow,Los Catios,No,None,NA
367,Yellow,Los Catios,No,None,NA
368,Yellow,Los Catios,No,None,NA
369,Yellow,Los Catios,No,None,NA
370,Yellow,Los Catios,No,None,NA
371,Yellow,Los Catios,No,None,NA
372,Yellow,Los Catios,No,None,NA
373,Yellow,Los Catios,No,None,NA
374,Yellow,Los Catios,No,None,NA
375,Yellow,Los Catios,No,None,NA
376,Yellow,Los Catios,No,None,NA
377,Yellow,Los Catios,No,None,NA
378,Yellow,Los Catios,No,None,NA
379,Yellow,Los Catios,No,None,NA
380,Yellow,Los Catios,No,None,NA
381,Yellow,Los Catios,No,None,NA
382,Yellow,Los Catios,No,None,NA
383,Yellow,Los Catios,No,None,NA
384,Yellow,Los Catios,No,None,NA
385,Yellow,Los Catios,No,None,NA
386,Yellow,Los Catios,No,None,NA
387,Yellow,Los Catios,No,None,NA
388,Yellow,Los Catios,No,None,NA
389,Yellow,Los Catios,No,None,NA
390,Yellow,Los Catios,No,None,NA
391,Yellow,Los Catios,No,None,NA
392,Yellow,Los Catios,No,None,NA
393,Yellow,Los Catios,No,None,NA
394,Yellow,Los Catios,No,None,NA
395,Yellow,Los Catios,No,None,NA
396,Yellow,Los Catios,No,None,NA
397,Yellow,Los Catios,No,None,NA
398,Yellow,Los Catios,No,None,NA
399,Yellow,Los Catios,No,None,NA
400,Yellow,Los Catios,No,None,NA
401,Yellow,Los Catios,No,None,NA
402,Yellow,Los Catios,No,None,NA
403,Yellow,Los Catios,No,None,NA
404,Yellow,Los Catios,No,None,NA
405,Yellow,Los Catios,No,None,NA
406,Yellow,Los Catios,No,None,NA
407,Yellow,Los Catios,No,None,NA
408,Yellow,Los Catios,No,None,NA
409,Yellow,Los Catios,No,None,NA
410,Yellow,Los Catios,No,None,NA
411,Yellow,Los Catios,No,None,NA
412,Yellow,Los Catios,No,None,NA
413,Yellow,Los Catios,No,None,NA
414,Yellow,Los Catios,No,None,NA
415,Yellow,Los Catios,No,None,NA
416,Yellow,Los Catios,No,None,NA
417,Yellow,Los Catios,No,None,NA
418,Yellow,Los Catios,No,None,NA
419,Yellow,Los Catios,No,None,NA
420,Yellow,Los Catios,No,None,NA
421,Yellow,Los Catios,No,None,NA
422,Yellow,Los Catios,No,None,NA
423,Yellow,Los Catios,No,None,NA
424,Yellow,Los Catios,No,None,NA
425,Yellow,Los Catios,No,None,NA
426,Yellow,Los Catios,No,None,NA
427,Yellow,Los Catios,No,None,NA
428,Yellow,Los Catios,No,None,NA
429,Yellow,Los Catios,No,None,NA
430,Yellow,Los Catios,No,None,NA
431,Yellow,Los Catios,No,None,NA
432,Yellow,Los Catios,No,None,NA
433,Yellow,Los Catios,No,None,NA
434,Yellow,Los Catios,No,None,NA
435,Yellow,Los Catios,No,None,NA
436,Yellow,Los Catios,No,None,NA
437,Yellow,Los Catios,No,None,NA
438,Yellow,Los Catios,No,None,NA
439,Yellow,Los Catios,No,None,NA
440,Yellow,Los Catios,No,None,NA
441,Yellow,Los Catios,No,None,NA
442,Yellow,Los Catios,No,None,NA
443,Yellow,Los Catios,No,None,NA
444,Yellow,Los Catios,No,None,NA
445,Yellow,Los Catios,No,None,NA
446,Yellow,Los Catios,No,None,NA
447,Yellow,Los Catios,No,None,NA
448,Yellow,Los Catios,No,None,NA
449,Yellow,Los Catios,No,None,NA
450,Yellow,Los Catios,No,None,NA
451,Yellow,Los Catios,No,None,NA
452,Yellow,Los Catios,No,None,NA
453,Yellow,Los Catios,No,None,NA
454,Yellow,Los Catios,No,None,NA
455,Yellow,Los Catios,No,None,NA
456,Yellow,Los Catios,No,None,NA
457,Yellow,Los Catios,No,None,NA
458,Yellow,Los Catios,No,None,NA
459,Yellow,Los Catios,No,None,NA
460,Yellow,Los Catios,No,None,NA
461,Yellow,Los Catios,No,None,NA
462,Yellow,Los Catios,No,None,NA
463,Yellow,Los Catios,No,None,NA
464,Yellow,Los Catios,No,None,NA
465,Yellow,Los Catios,No,None,NA
466,Yellow,Los Catios,No,None,NA
467,Yellow,Los Catios,No,None,NA
468,Yellow,Los Catios,No,None,NA
469,Yellow,Los Catios,No,None,NA
470,Yellow,Los Catios,No,None,NA
471,Yellow,Los Catios,No,None,NA
472,Yellow,Los Catios,No,None,NA
473,Yellow,Los Catios,No,None,NA
474,Yellow,Los Catios,No,None,NA
475,Yellow,Los Catios,No,None,NA
476,Yellow,Los Catios,No,None,NA
477,Yellow,Los Catios,No,None,NA
478,Yellow,Los Catios,No,None,NA
479,Yellow,Los Catios,No,None,NA
480,Yellow,Los Catios,No,None,NA
481,Yellow,Los Catios,No,None,NA
482,Yellow,Los Catios,No,None,NA
483,Yellow,Los Catios,No,None,NA
484,Yellow,Los Catios,No,None,NA
485,Yellow,Los Catios,No,None,NA
486,Yellow,Los Catios,No,None,NA
487,Yellow,Los Catios,No,None,NA
488,Yellow,Los Catios,No,None,NA
489,Yellow,Los Catios,No,None,NA
490,Yellow,Los Catios,No,None,NA
491,Yellow,Los Catios,No,None,NA
492,Yellow,Los Catios,No,None,NA
493,Yellow,Los Catios,No,None,NA
494,Yellow,Los Catios,No,None,NA
495,Yellow,Los Catios,No,None,NA
496,Yellow,Los Catios,No,None,NA
497,Yellow,Los Catios,No,None,NA
498,Yellow,Los Catios,No,None,NA
499,Yellow,Los Catios,No,None,NA
500,Yellow,Los Catios,No,None,NA
501,Yellow,Los Catios,No,None,NA
502,Yellow,Los Catios,No,None,NA
503,Yellow,Los Catios,No,None,NA
504,Yellow,Los Catios,No,None,NA
505,Yellow,Los Catios,No,None,NA
506,Brown,Los Catios,Attacked,Artropodo,Seguro
507,Brown,Los Catios,Attacked,Artropodo,Seguro
508,Brown,Los Catios,Attacked,Artropodo,Seguro
509,Brown,Los Catios,Attacked,Artropodo,Seguro
510,Brown,Los Catios,Attacked,Artropodo,Seguro
511,Brown,Los Catios,Attacked,Artropodo,Seguro
512,Brown,Los Catios,Attacked,Artropodo,Seguro
513,Brown,Los Catios,Attacked,Artropodo,Seguro
514,Brown,Los Catios,Attacked,Artropodo,Seguro
515,Brown,Los Catios,Attacked,Artropodo,Seguro
516,Brown,Los Catios,Attacked,Artropodo,Seguro
517,Brown,Los Catios,Attacked,Artropodo,Seguro
518,Brown,Los Catios,Attacked,Artropodo,Seguro
519,Brown,Los Catios,Attacked,Artropodo,Seguro
520,Brown,Los Catios,Attacked,Artropodo,Seguro
521,Brown,Los Catios,Attacked,Artropodo,Seguro
522,Brown,Los Catios,Attacked,Artropodo,Seguro
523,Brown,Los Catios,Attacked,Artropodo,Seguro
524,Brown,Los Catios,Attacked,Artropodo,Seguro
525,Brown,Los Catios,Attacked,Artropodo,Seguro
526,Brown,Los Catios,Attacked,Artropodo,Seguro
527,Brown,Los Catios,Attacked,Artropodo,Seguro
528,Brown,Los Catios,Attacked,Artropodo,Seguro
529,Brown,Los Catios,Attacked,Artropodo,Seguro
530,Brown,Los Catios,Attacked,Artropodo,Seguro
531,Brown,Los Catios,Attacked,Artropodo,Seguro
532,Brown,Los Catios,Attacked,Artropodo,Seguro
533,Brown,Los Catios,Attacked,Artropodo,Seguro
534,Brown,Los Catios,Attacked,Artropodo,Seguro
535,Brown,Los Catios,Attacked,Artropodo,Seguro
536,Brown,Los Catios,Attacked,Artropodo,Seguro
537,Brown,Los Catios,Attacked,Artropodo,Seguro
538,Brown,Los Catios,Attacked,Artropodo,Seguro
539,Brown,Los Catios,Attacked,Artropodo,Seguro
540,Brown,Los Catios,Attacked,Artropodo,Seguro
541,Brown,Los Catios,Attacked,Artropodo,Seguro
542,Brown,Los Catios,Attacked,Artropodo,Seguro
543,Brown,Los Catios,Attacked,Artropodo,Seguro
544,Brown,Los Catios,Attacked,Artropodo,Seguro
545,Brown,Los Catios,Attacked,Artropodo,Seguro
546,Brown,Los Catios,Attacked,Artropodo,Seguro
547,Brown,Los Catios,Attacked,Artropodo,Seguro
548,Brown,Los Catios,Attacked,Artropodo,Seguro
549,Brown,Los Catios,Attacked,Artropodo,Seguro
550,Brown,Los Catios,Attacked,Artropodo,Seguro
551,Brown,Los Catios,Attacked,Artropodo,Seguro
552,Brown,Los Catios,Attacked,Artropodo,Seguro
553,Brown,Los Catios,Attacked,Artropodo,Seguro
554,Brown,Los Catios,Attacked,Artropodo,Seguro
555,Brown,Los Catios,Attacked,Artropodo,Seguro
556,Brown,Los Catios,Attacked,Artropodo,Seguro
557,Brown,Los Catios,Attacked,Artropodo,Seguro
558,Brown,Los Catios,Attacked,Artropodo,Seguro
559,Brown,Los Catios,Attacked,Artropodo,Seguro
560,Brown,Los Catios,Attacked,Artropodo,Seguro
561,Brown,Los Catios,Attacked,Artropodo,Seguro
562,Brown,Los Catios,Attacked,Ave,Seguro
563,Brown,Los Catios,Attacked,Ave,Seguro
564,Brown,Los Catios,Attacked,Ave,Seguro
565,Brown,Los Catios,Attacked,Ave,Seguro
566,Brown,Los Catios,Attacked,Ave,Seguro
567,Brown,Los Catios,Attacked,Ave,Seguro
568,Brown,Los Catios,Attacked,Ave,Seguro
569,Brown,Los Catios,Attacked,Ave,Seguro
570,Brown,Los Catios,Attacked,Ave,Seguro
571,Brown,Los Catios,Attacked,Ave,Seguro
572,Brown,Los Catios,Attacked,Ave,Seguro
573,Brown,Los Catios,Attacked,Ave,Seguro
574,Brown,Los Catios,Attacked,Ave,Seguro
575,Brown,Los Catios,Attacked,Ave,Seguro
576,Brown,Los Catios,Attacked,Ave,Seguro
577,Brown,Los Catios,Attacked,Ave,Seguro
578,Brown,Los Catios,Attacked,Ave,Seguro
579,Brown,Los Catios,Attacked,Ave,Seguro
580,Brown,Los Catios,Attacked,Ave,Seguro
581,Brown,Los Catios,Attacked,Ave,Seguro
582,Brown,Los Catios,Attacked,Ave,Seguro
583,Brown,Los Catios,Attacked,Ave,Seguro
584,Brown,Los Catios,Attacked,Ave,Seguro
585,Brown,Los Catios,Attacked,Ave,Seguro
586,Brown,Los Catios,Attacked,Ave,Seguro
587,Brown,Los Catios,Attacked,Ave,Seguro
588,Brown,Los Catios,Attacked,Ave,Seguro
589,Brown,Los Catios,Attacked,Ave,Seguro
590,Brown,Los Catios,Attacked,Ave,Seguro
591,Brown,Los Catios,Attacked,Ave,Seguro
592,Brown,Los Catios,Attacked,Ave,Seguro
593,Brown,Los Catios,Attacked,Ave,Seguro
594,Brown,Los Catios,Attacked,Ave,Seguro
595,Brown,Los Catios,Attacked,Ave,Seguro
596,Brown,Los Catios,Attacked,Ave,Seguro
597,Brown,Los Catios,Attacked,Ave,Seguro
598,Brown,Los Catios,Attacked,Ave,Seguro
599,Brown,Los Catios,Attacked,Ave,Tentativo
600,Brown,Los Catios,Attacked,Ave,Seguro
601,Brown,Los Catios,Attacked,Ave,Seguro
602,Brown,Los Catios,Attacked,Ave,Seguro
603,Brown,Los Catios,Attacked,Ave,Seguro
604,Brown,Los Catios,Attacked,Mamifero,Seguro
605,Brown,Los Catios,Attacked,Mamifero,Seguro
606,Brown,Los Catios,Attacked,Mamifero,Seguro
607,Brown,Los Catios,Attacked,Mamifero,Seguro
608,Brown,Los Catios,Attacked,Mamifero,Seguro
609,Brown,Los Catios,Attacked,Mamifero,Seguro
610,Brown,Los Catios,Attacked,Mamifero,Seguro
611,Brown,Los Catios,Attacked,Mamifero,Seguro
612,Brown,Los Catios,Attacked,Mamifero,Seguro
613,Brown,Los Catios,Attacked,Mamifero,Seguro
614,Brown,Los Catios,Attacked,Mamifero,Seguro
615,Brown,Los Catios,Attacked,Mamifero,Seguro
616,Brown,Los Catios,Attacked,Mamifero,Seguro
617,Brown,Los Catios,Attacked,Mamifero,Seguro
618,Brown,Los Catios,Attacked,Mamifero,Seguro
619,Brown,Los Catios,Attacked,Mamifero,Seguro
620,Brown,Los Catios,Attacked,Mamifero,Seguro
621,Brown,Los Catios,Attacked,Mamifero,Seguro
622,Brown,Los Catios,Attacked,Mamifero,Seguro
623,Brown,Los Catios,Attacked,Mamifero,Seguro
624,Brown,Los Catios,No,None,NA
625,Brown,Los Catios,No,None,NA
626,Brown,Los Catios,No,None,NA
627,Brown,Los Catios,No,None,NA
628,Brown,Los Catios,No,None,NA
629,Brown,Los Catios,No,None,NA
630,Brown,Los Catios,No,None,NA
631,Brown,Los Catios,No,None,NA
632,Brown,Los Catios,No,None,NA
633,Brown,Los Catios,No,None,NA
634,Brown,Los Catios,No,None,NA
635,Brown,Los Catios,No,None,NA
636,Brown,Los Catios,No,None,NA
637,Brown,Los Catios,No,None,NA
638,Brown,Los Catios,No,None,NA
639,Brown,Los Catios,No,None,NA
640,Brown,Los Catios,No,None,NA
641,Brown,Los Catios,No,None,NA
642,Brown,Los Catios,No,None,NA
643,Brown,Los Catios,No,None,NA
644,Brown,Los Catios,No,None,NA
645,Brown,Los Catios,No,None,NA
646,Brown,Los Catios,No,None,NA
647,Brown,Los Catios,No,None,NA
648,Brown,Los Catios,No,None,NA
649,Brown,Los Catios,No,None,NA
650,Brown,Los Catios,No,None,NA
651,Brown,Los Catios,No,None,NA
652,Brown,Los Catios,No,None,NA
653,Brown,Los Catios,No,None,NA
654,Brown,Los Catios,No,None,NA
655,Brown,Los Catios,No,None,NA
656,Brown,Los Catios,No,None,NA
657,Brown,Los Catios,No,None,NA
658,Brown,Los Catios,No,None,NA
659,Brown,Los Catios,No,None,NA
660,Brown,Los Catios,No,None,NA
661,Brown,Los Catios,No,None,NA
662,Brown,Los Catios,No,None,NA
663,Brown,Los Catios,No,None,NA
664,Brown,Los Catios,No,None,NA
665,Brown,Los Catios,No,None,NA
666,Brown,Los Catios,No,None,NA
667,Brown,Los Catios,No,None,NA
668,Brown,Los Catios,No,None,NA
669,Brown,Los Catios,No,None,NA
670,Brown,Los Catios,No,None,NA
671,Brown,Los Catios,No,None,NA
672,Brown,Los Catios,No,None,NA
673,Brown,Los Catios,No,None,NA
674,Brown,Los Catios,No,None,NA
675,Brown,Los Catios,No,None,NA
676,Brown,Los Catios,No,None,NA
677,Brown,Los Catios,No,None,NA
678,Brown,Los Catios,No,None,NA
679,Brown,Los Catios,No,None,NA
680,Brown,Los Catios,No,None,NA
681,Brown,Los Catios,No,None,NA
682,Brown,Los Catios,No,None,NA
683,Brown,Los Catios,No,None,NA
684,Brown,Los Catios,No,None,NA
685,Brown,Los Catios,No,None,NA
686,Brown,Los Catios,No,None,NA
687,Brown,Los Catios,No,None,NA
688,Brown,Los Catios,No,None,NA
689,Brown,Los Catios,No,None,NA
690,Brown,Los Catios,No,None,NA
691,Brown,Los Catios,No,None,NA
692,Brown,Los Catios,No,None,NA
693,Brown,Los Catios,No,None,NA
694,Brown,Los Catios,No,None,NA
695,Brown,Los Catios,No,None,NA
696,Brown,Los Catios,No,None,NA
697,Brown,Los Catios,No,None,NA
698,Brown,Los Catios,No,None,NA
699,Brown,Los Catios,No,None,NA
700,Brown,Los Catios,No,None,NA
701,Brown,Los Catios,No,None,NA
702,Brown,Los Catios,No,None,NA
703,Brown,Los Catios,No,None,NA
704,Brown,Los Catios,No,None,NA
705,Brown,Los Catios,No,None,NA
706,Brown,Los Catios,No,None,NA
707,Brown,Los Catios,No,None,NA
708,Brown,Los Catios,No,None,NA
709,Brown,Los Catios,No,None,NA
710,Brown,Los Catios,No,None,NA
711,Brown,Los Catios,No,None,NA
712,Brown,Los Catios,No,None,NA
713,Brown,Los Catios,No,None,NA
714,Brown,Los Catios,No,None,NA
715,Brown,Los Catios,No,None,NA
716,Brown,Los Catios,No,None,NA
717,Brown,Los Catios,No,None,NA
718,Brown,Los Catios,No,None,NA
719,Brown,Los Catios,No,None,NA
720,Brown,Los Catios,No,None,NA
721,Brown,Los Catios,No,None,NA
722,Brown,Los Catios,No,None,NA
723,Brown,Los Catios,No,None,NA
724,Brown,Los Catios,No,None,NA
725,Brown,Los Catios,No,None,NA
726,Brown,Los Catios,No,None,NA
727,Brown,Los Catios,No,None,NA
728,Brown,Los Catios,No,None,NA
729,Brown,Los Catios,No,None,NA
730,Brown,Los Catios,No,None,NA
731,Brown,Los Catios,No,None,NA
732,Brown,Los Catios,No,None,NA
733,Brown,Los Catios,No,None,NA
734,Red,Altamira,Attacked,Artropodo,Seguro
735,Red,Altamira,Attacked,Artropodo,Seguro
736,Red,Altamira,Attacked,Artropodo,Seguro
737,Red,Altamira,Attacked,Artropodo,Seguro
738,Red,Altamira,Attacked,Artropodo,Seguro
739,Red,Altamira,Attacked,Artropodo,Seguro
740,Red,Altamira,Attacked,Artropodo,Seguro
741,Red,Altamira,Attacked,Artropodo,Seguro
742,Red,Altamira,Attacked,Artropodo,Seguro
743,Red,Altamira,Attacked,Artropodo,Seguro
744,Red,Altamira,Attacked,Artropodo,Seguro
745,Red,Altamira,Attacked,Artropodo,Seguro
746,Red,Altamira,Attacked,Ave,Seguro
747,Red,Altamira,Attacked,Ave,Seguro
748,Red,Altamira,Attacked,Ave,Seguro
749,Red,Altamira,Attacked,Ave,Seguro
750,Red,Altamira,Attacked,Ave,Seguro
751,Red,Altamira,Attacked,Ave,Seguro
752,Red,Altamira,Attacked,Ave,Seguro
753,Red,Altamira,Attacked,Ave,Seguro
754,Red,Altamira,Attacked,Ave,Seguro
755,Red,Altamira,Attacked,Ave,Seguro
756,Red,Altamira,Attacked,Ave,Seguro
757,Red,Altamira,Attacked,Ave,Seguro
758,Red,Altamira,Attacked,Ave,Seguro
759,Red,Altamira,Attacked,Ave,Seguro
760,Red,Altamira,Attacked,Ave,Seguro
761,Red,Altamira,Attacked,Ave,Seguro
762,Red,Altamira,Attacked,Ave,Seguro
763,Red,Altamira,Attacked,Ave,Seguro
764,Red,Altamira,Attacked,Ave,Seguro
765,Red,Altamira,Attacked,Ave,Seguro
766,Red,Altamira,Attacked,Ave,Seguro
767,Red,Altamira,Attacked,Ave,Seguro
768,Red,Altamira,Attacked,Ave,Seguro
769,Red,Altamira,Attacked,Mamifero,Seguro
770,Red,Altamira,Attacked,Mamifero,Seguro
771,Red,Altamira,Attacked,Mamifero,Seguro
772,Red,Altamira,Attacked,Mamifero,Seguro
773,Red,Altamira,Attacked,Mamifero,Seguro
774,Red,Altamira,Attacked,Mamifero,Seguro
775,Red,Altamira,Attacked,Mamifero,Seguro
776,Red,Altamira,Attacked,Mamifero,Seguro
777,Red,Altamira,No,None,NA
778,Red,Altamira,No,None,NA
779,Red,Altamira,No,None,NA
780,Red,Altamira,No,None,NA
781,Red,Altamira,No,None,NA
782,Red,Altamira,No,None,NA
783,Red,Altamira,No,None,NA
784,Red,Altamira,No,None,NA
785,Red,Altamira,No,None,NA
786,Red,Altamira,No,None,NA
787,Red,Altamira,No,None,NA
788,Red,Altamira,No,None,NA
789,Red,Altamira,No,None,NA
790,Red,Altamira,No,None,NA
791,Red,Altamira,No,None,NA
792,Red,Altamira,No,None,NA
793,Red,Altamira,No,None,NA
794,Red,Altamira,No,None,NA
795,Red,Altamira,No,None,NA
796,Red,Altamira,No,None,NA
797,Red,Altamira,No,None,NA
798,Red,Altamira,No,None,NA
799,Red,Altamira,No,None,NA
800,Red,Altamira,No,None,NA
801,Red,Altamira,No,None,NA
802,Red,Altamira,No,None,NA
803,Red,Altamira,No,None,NA
804,Red,Altamira,No,None,NA
805,Red,Altamira,No,None,NA
806,Red,Altamira,No,None,NA
807,Red,Altamira,No,None,NA
808,Red,Altamira,No,None,NA
809,Red,Altamira,No,None,NA
810,Red,Altamira,No,None,NA
811,Red,Altamira,No,None,NA
812,Red,Altamira,No,None,NA
813,Red,Altamira,No,None,NA
814,Red,Altamira,No,None,NA
815,Red,Altamira,No,None,NA
816,Red,Altamira,No,None,NA
817,Red,Altamira,No,None,NA
818,Red,Altamira,No,None,NA
819,Red,Altamira,No,None,NA
820,Red,Altamira,No,None,NA
821,Red,Altamira,No,None,NA
822,Red,Altamira,No,None,NA
823,Red,Altamira,No,None,NA
824,Red,Altamira,No,None,NA
825,Red,Altamira,No,None,NA
826,Red,Altamira,No,None,NA
827,Red,Altamira,No,None,NA
828,Red,Altamira,No,None,NA
829,Red,Altamira,No,None,NA
830,Red,Altamira,No,None,NA
831,Red,Altamira,No,None,NA
832,Red,Altamira,No,None,NA
833,Red,Altamira,No,None,NA
834,Red,Altamira,No,None,NA
835,Red,Altamira,No,None,NA
836,Red,Altamira,No,None,NA
837,Red,Altamira,No,None,NA
838,Red,Altamira,No,None,NA
839,Red,Altamira,No,None,NA
840,Red,Altamira,No,None,NA
841,Red,Altamira,No,None,NA
842,Red,Altamira,No,None,NA
843,Red,Altamira,No,None,NA
844,Red,Altamira,No,None,NA
845,Red,Altamira,No,None,NA
846,Red,Altamira,No,None,NA
847,Red,Altamira,No,None,NA
848,Red,Altamira,No,None,NA
849,Red,Altamira,No,None,NA
850,Red,Altamira,No,None,NA
851,Red,Altamira,No,None,NA
852,Red,Altamira,No,None,NA
853,Red,Altamira,No,None,NA
854,Red,Altamira,No,None,NA
855,Red,Altamira,No,None,NA
856,Red,Altamira,No,None,NA
857,Red,Altamira,No,None,NA
858,Red,Altamira,No,None,NA
859,Red,Altamira,No,None,NA
860,Red,Altamira,No,None,NA
861,Red,Altamira,No,None,NA
862,Red,Altamira,No,None,NA
863,Red,Altamira,No,None,NA
864,Red,Altamira,No,None,NA
865,Red,Altamira,No,None,NA
866,Red,Altamira,No,None,NA
867,Red,Altamira,No,None,NA
868,Red,Altamira,No,None,NA
869,Red,Altamira,No,None,NA
870,Red,Altamira,No,None,NA
871,Red,Altamira,No,None,NA
872,Red,Altamira,No,None,NA
873,Red,Altamira,No,None,NA
874,Red,Altamira,No,None,NA
875,Red,Altamira,No,None,NA
876,Red,Altamira,No,None,NA
877,Red,Altamira,No,None,NA
878,Red,Altamira,No,None,NA
879,Red,Altamira,No,None,NA
880,Red,Altamira,No,None,NA
881,Red,Altamira,No,None,NA
882,Red,Altamira,No,None,NA
883,Red,Altamira,No,None,NA
884,Red,Altamira,No,None,NA
885,Red,Altamira,No,None,NA
886,Red,Altamira,No,None,NA
887,Red,Altamira,No,None,NA
888,Red,Altamira,No,None,NA
889,Red,Altamira,No,None,NA
890,Red,Altamira,No,None,NA
891,Red,Altamira,No,None,NA
892,Red,Altamira,No,None,NA
893,Red,Altamira,No,None,NA
894,Red,Altamira,No,None,NA
895,Red,Altamira,No,None,NA
896,Red,Altamira,No,None,NA
897,Red,Altamira,No,None,NA
898,Red,Altamira,No,None,NA
899,Red,Altamira,No,None,NA
900,Red,Altamira,No,None,NA
901,Yellow,Altamira,Attacked,Artropodo,Seguro
902,Yellow,Altamira,Attacked,Artropodo,Seguro
903,Yellow,Altamira,Attacked,Artropodo,Seguro
904,Yellow,Altamira,Attacked,Artropodo,Seguro
905,Yellow,Altamira,Attacked,Artropodo,Seguro
906,Yellow,Altamira,Attacked,Artropodo,Seguro
907,Yellow,Altamira,Attacked,Artropodo,Seguro
908,Yellow,Altamira,Attacked,Artropodo,Seguro
909,Yellow,Altamira,Attacked,Artropodo,Seguro
910,Yellow,Altamira,Attacked,Artropodo,Seguro
911,Yellow,Altamira,Attacked,Artropodo,Seguro
912,Yellow,Altamira,Attacked,Artropodo,Seguro
913,Yellow,Altamira,Attacked,Artropodo,Seguro
914,Yellow,Altamira,Attacked,Artropodo,Seguro
915,Yellow,Altamira,Attacked,Ave,Seguro
916,Yellow,Altamira,Attacked,Ave,Seguro
917,Yellow,Altamira,Attacked,Ave,Seguro
918,Yellow,Altamira,Attacked,Ave,Seguro
919,Yellow,Altamira,Attacked,Ave,Seguro
920,Yellow,Altamira,Attacked,Ave,Seguro
921,Yellow,Altamira,Attacked,Ave,Seguro
922,Yellow,Altamira,Attacked,Ave,Seguro
923,Yellow,Altamira,Attacked,Ave,Seguro
924,Yellow,Altamira,Attacked,Ave,Seguro
925,Yellow,Altamira,Attacked,Ave,Seguro
926,Yellow,Altamira,Attacked,Ave,Seguro
927,Yellow,Altamira,Attacked,Ave,Seguro
928,Yellow,Altamira,Attacked,Ave,Seguro
929,Yellow,Altamira,Attacked,Ave,Seguro
930,Yellow,Altamira,Attacked,Ave,Tentativo
931,Yellow,Altamira,Attacked,Ave,Seguro
932,Yellow,Altamira,Attacked,Mamifero,Seguro
933,Yellow,Altamira,Attacked,Mamifero,Seguro
934,Yellow,Altamira,Attacked,Mamifero,Seguro
935,Yellow,Altamira,Attacked,Mamifero,Seguro
936,Yellow,Altamira,Attacked,Mamifero,Seguro
937,Yellow,Altamira,Attacked,Mamifero,Seguro
938,Yellow,Altamira,Attacked,Mamifero,Seguro
939,Yellow,Altamira,Attacked,Mamifero,Seguro
940,Yellow,Altamira,Attacked,Mamifero,Seguro
941,Yellow,Altamira,Attacked,Mamifero,Seguro
942,Yellow,Altamira,Attacked,Mamifero,Seguro
943,Yellow,Altamira,Attacked,Mamifero,Seguro
944,Yellow,Altamira,No,None,NA
945,Yellow,Altamira,No,None,NA
946,Yellow,Altamira,No,None,NA
947,Yellow,Altamira,No,None,NA
948,Yellow,Altamira,No,None,NA
949,Yellow,Altamira,No,None,NA
950,Yellow,Altamira,No,None,NA
951,Yellow,Altamira,No,None,NA
952,Yellow,Altamira,No,None,NA
953,Yellow,Altamira,No,None,NA
954,Yellow,Altamira,No,None,NA
955,Yellow,Altamira,No,None,NA
956,Yellow,Altamira,No,None,NA
957,Yellow,Altamira,No,None,NA
958,Yellow,Altamira,No,None,NA
959,Yellow,Altamira,No,None,NA
960,Yellow,Altamira,No,None,NA
961,Yellow,Altamira,No,None,NA
962,Yellow,Altamira,No,None,NA
963,Yellow,Altamira,No,None,NA
964,Yellow,Altamira,No,None,NA
965,Yellow,Altamira,No,None,NA
966,Yellow,Altamira,No,None,NA
967,Yellow,Altamira,No,None,NA
968,Yellow,Altamira,No,None,NA
969,Yellow,Altamira,No,None,NA
970,Yellow,Altamira,No,None,NA
971,Yellow,Altamira,No,None,NA
972,Yellow,Altamira,No,None,NA
973,Yellow,Altamira,No,None,NA
974,Yellow,Altamira,No,None,NA
975,Yellow,Altamira,No,None,NA
976,Yellow,Altamira,No,None,NA
977,Yellow,Altamira,No,None,NA
978,Yellow,Altamira,No,None,NA
979,Yellow,Altamira,No,None,NA
980,Yellow,Altamira,No,None,NA
981,Yellow,Altamira,No,None,NA
982,Yellow,Altamira,No,None,NA
983,Yellow,Altamira,No,None,NA
984,Yellow,Altamira,No,None,NA
985,Yellow,Altamira,No,None,NA
986,Yellow,Altamira,No,None,NA
987,Yellow,Altamira,No,None,NA
988,Yellow,Altamira,No,None,NA
989,Yellow,Altamira,No,None,NA
990,Yellow,Altamira,No,None,NA
991,Yellow,Altamira,No,None,NA
992,Yellow,Altamira,No,None,NA
993,Yellow,Altamira,No,None,NA
994,Yellow,Altamira,No,None,NA
995,Yellow,Altamira,No,None,NA
996,Yellow,Altamira,No,None,NA
997,Yellow,Altamira,No,None,NA
998,Yellow,Altamira,No,None,NA
999,Yellow,Altamira,No,None,NA
1000,Yellow,Altamira,No,None,NA
1001,Yellow,Altamira,No,None,NA
1002,Yellow,Altamira,No,None,NA
1003,Yellow,Altamira,No,None,NA
1004,Yellow,Altamira,No,None,NA
1005,Yellow,Altamira,No,None,NA
1006,Yellow,Altamira,No,None,NA
1007,Yellow,Altamira,No,None,NA
1008,Yellow,Altamira,No,None,NA
1009,Yellow,Altamira,No,None,NA
1010,Yellow,Altamira,No,None,NA
1011,Yellow,Altamira,No,None,NA
1012,Yellow,Altamira,No,None,NA
1013,Yellow,Altamira,No,None,NA
1014,Yellow,Altamira,No,None,NA
1015,Yellow,Altamira,No,None,NA
1016,Yellow,Altamira,No,None,NA
1017,Yellow,Altamira,No,None,NA
1018,Yellow,Altamira,No,None,NA
1019,Yellow,Altamira,No,None,NA
1020,Yellow,Altamira,No,None,NA
1021,Yellow,Altamira,No,None,NA
1022,Yellow,Altamira,No,None,NA
1023,Yellow,Altamira,No,None,NA
1024,Yellow,Altamira,No,None,NA
1025,Yellow,Altamira,No,None,NA
1026,Yellow,Altamira,No,None,NA
1027,Yellow,Altamira,No,None,NA
1028,Yellow,Altamira,No,None,NA
1029,Yellow,Altamira,No,None,NA
1030,Yellow,Altamira,No,None,NA
1031,Yellow,Altamira,No,None,NA
1032,Yellow,Altamira,No,None,NA
1033,Yellow,Altamira,No,None,NA
1034,Yellow,Altamira,No,None,NA
1035,Yellow,Altamira,No,None,NA
1036,Yellow,Altamira,No,None,NA
1037,Yellow,Altamira,No,None,NA
1038,Yellow,Altamira,No,None,NA
1039,Yellow,Altamira,No,None,NA
1040,Yellow,Altamira,No,None,NA
1041,Yellow,Altamira,No,None,NA
1042,Yellow,Altamira,No,None,NA
1043,Yellow,Altamira,No,None,NA
1044,Yellow,Altamira,No,None,NA
1045,Yellow,Altamira,No,None,NA
1046,Yellow,Altamira,No,None,NA
1047,Yellow,Altamira,No,None,NA
1048,Yellow,Altamira,No,None,NA
1049,Yellow,Altamira,No,None,NA
1050,Yellow,Altamira,No,None,NA
1051,Yellow,Altamira,No,None,NA
1052,Yellow,Altamira,No,None,NA
1053,Yellow,Altamira,No,None,NA
1054,Yellow,Altamira,No,None,NA
1055,Yellow,Altamira,No,None,NA
1056,Yellow,Altamira,No,None,NA
1057,Yellow,Altamira,No,None,NA
1058,Yellow,Altamira,No,None,NA
1059,Yellow,Altamira,No,None,NA
1060,Yellow,Altamira,No,None,NA
1061,Yellow,Altamira,No,None,NA
1062,Yellow,Altamira,No,None,NA
1063,Yellow,Altamira,No,None,NA
1064,Yellow,Altamira,No,None,NA
1065,Yellow,Altamira,No,None,NA
1066,Yellow,Altamira,No,None,NA
1067,Yellow,Altamira,No,None,NA
1068,Yellow,Altamira,No,None,NA
1069,Yellow,Altamira,No,None,NA
1070,Yellow,Altamira,No,None,NA
1071,Yellow,Altamira,No,None,NA
1072,Yellow,Altamira,No,None,NA
1073,Yellow,Altamira,No,None,NA
1074,Yellow,Altamira,No,None,NA
1075,Yellow,Altamira,No,None,NA
1076,Yellow,Altamira,No,None,NA
1077,Yellow,Altamira,No,None,NA
1078,Yellow,Altamira,No,None,NA
1079,Yellow,Altamira,No,None,NA
1080,Yellow,Altamira,No,None,NA
1081,Yellow,Altamira,No,None,NA
1082,Yellow,Altamira,No,None,NA
1083,Yellow,Altamira,No,None,NA
1084,Yellow,Altamira,No,None,NA
1085,Yellow,Altamira,No,None,NA
1086,Yellow,Altamira,No,None,NA
1087,Yellow,Altamira,No,None,NA
1088,Yellow,Altamira,No,None,NA
1089,Brown,Altamira,Attacked,Artropodo,Seguro
1090,Brown,Altamira,Attacked,Artropodo,Seguro
1091,Brown,Altamira,Attacked,Artropodo,Seguro
1092,Brown,Altamira,Attacked,Artropodo,Seguro
1093,Brown,Altamira,Attacked,Artropodo,Seguro
1094,Brown,Altamira,Attacked,Artropodo,Seguro
1095,Brown,Altamira,Attacked,Artropodo,Seguro
1096,Brown,Altamira,Attacked,Artropodo,Seguro
1097,Brown,Altamira,Attacked,Artropodo,Seguro
1098,Brown,Altamira,Attacked,Artropodo,Seguro
1099,Brown,Altamira,Attacked,Artropodo,Seguro
1100,Brown,Altamira,Attacked,Artropodo,Seguro
1101,Brown,Altamira,Attacked,Ave,Seguro
1102,Brown,Altamira,Attacked,Ave,Seguro
1103,Brown,Altamira,Attacked,Ave,Seguro
1104,Brown,Altamira,Attacked,Ave,Seguro
1105,Brown,Altamira,Attacked,Ave,Seguro
1106,Brown,Altamira,Attacked,Ave,Seguro
1107,Brown,Altamira,Attacked,Ave,Seguro
1108,Brown,Altamira,Attacked,Ave,Seguro
1109,Brown,Altamira,Attacked,Ave,Seguro
1110,Brown,Altamira,Attacked,Ave,Seguro
1111,Brown,Altamira,Attacked,Ave,Seguro
1112,Brown,Altamira,Attacked,Ave,Seguro
1113,Brown,Altamira,Attacked,Ave,Seguro
1114,Brown,Altamira,Attacked,Ave,Seguro
1115,Brown,Altamira,Attacked,Ave,Seguro
1116,Brown,Altamira,Attacked,Ave,Seguro
1117,Brown,Altamira,Attacked,Ave,Seguro
1118,Brown,Altamira,Attacked,Ave,Seguro
1119,Brown,Altamira,Attacked,Ave,Seguro
1120,Brown,Altamira,Attacked,Ave,Seguro
1121,Brown,Altamira,Attacked,Ave,Seguro
1122,Brown,Altamira,Attacked,Ave,Seguro
1123,Brown,Altamira,Attacked,Ave,Seguro
1124,Brown,Altamira,Attacked,Ave,Seguro
1125,Brown,Altamira,Attacked,Mamifero,Seguro
1126,Brown,Altamira,Attacked,Mamifero,Seguro
1127,Brown,Altamira,Attacked,Mamifero,Seguro
1128,Brown,Altamira,Attacked,Mamifero,Seguro
1129,Brown,Altamira,Attacked,Mamifero,Seguro
1130,Brown,Altamira,Attacked,Mamifero,Seguro
1131,Brown,Altamira,Attacked,Mamifero,Seguro
1132,Brown,Altamira,Attacked,Mamifero,Seguro
1133,Brown,Altamira,Attacked,Mamifero,Seguro
1134,Brown,Altamira,Attacked,Mamifero,Seguro
1135,Brown,Altamira,Attacked,Mamifero,Seguro
1136,Brown,Altamira,Attacked,Mamifero,Seguro
1137,Brown,Altamira,Attacked,Mamifero,Seguro
1138,Brown,Altamira,No,None,NA
1139,Brown,Altamira,No,None,NA
1140,Brown,Altamira,No,None,NA
1141,Brown,Altamira,No,None,NA
1142,Brown,Altamira,No,None,NA
1143,Brown,Altamira,No,None,NA
1144,Brown,Altamira,No,None,NA
1145,Brown,Altamira,No,None,NA
1146,Brown,Altamira,No,None,NA
1147,Brown,Altamira,No,None,NA
1148,Brown,Altamira,No,None,NA
1149,Brown,Altamira,No,None,NA
1150,Brown,Altamira,No,None,NA
1151,Brown,Altamira,No,None,NA
1152,Brown,Altamira,No,None,NA
1153,Brown,Altamira,No,None,NA
1154,Brown,Altamira,No,None,NA
1155,Brown,Altamira,No,None,NA
1156,Brown,Altamira,No,None,NA
1157,Brown,Altamira,No,None,NA
1158,Brown,Altamira,No,None,NA
1159,Brown,Altamira,No,None,NA
1160,Brown,Altamira,No,None,NA
1161,Brown,Altamira,No,None,NA
1162,Brown,Altamira,No,None,NA
1163,Brown,Altamira,No,None,NA
1164,Brown,Altamira,No,None,NA
1165,Brown,Altamira,No,None,NA
1166,Brown,Altamira,No,None,NA
1167,Brown,Altamira,No,None,NA
1168,Brown,Altamira,No,None,NA
1169,Brown,Altamira,No,None,NA
1170,Brown,Altamira,No,None,NA
1171,Brown,Altamira,No,None,NA
1172,Brown,Altamira,No,None,NA
1173,Brown,Altamira,No,None,NA
1174,Brown,Altamira,No,None,NA
1175,Brown,Altamira,No,None,NA
1176,Brown,Altamira,No,None,NA
1177,Brown,Altamira,No,None,NA
1178,Brown,Altamira,No,None,NA
1179,Brown,Altamira,No,None,NA
1180,Brown,Altamira,No,None,NA
1181,Brown,Altamira,No,None,NA
1182,Brown,Altamira,No,None,NA
1183,Brown,Altamira,No,None,NA
1184,Brown,Altamira,No,None,NA
1185,Brown,Altamira,No,None,NA
1186,Brown,Altamira,No,None,NA
1187,Brown,Altamira,No,None,NA
1188,Brown,Altamira,No,None,NA
1189,Brown,Altamira,No,None,NA
1190,Brown,Altamira,No,None,NA
1191,Brown,Altamira,No,None,NA
1192,Brown,Altamira,No,None,NA
1193,Brown,Altamira,No,None,NA
1194,Brown,Altamira,No,None,NA
1195,Brown,Altamira,No,None,NA
1196,Brown,Altamira,No,None,NA
1197,Brown,Altamira,No,None,NA
1198,Brown,Altamira,No,None,NA
1199,Brown,Altamira,No,None,NA
1200,Brown,Altamira,No,None,NA
1201,Brown,Altamira,No,None,NA
1202,Brown,Altamira,No,None,NA
1203,Brown,Altamira,No,None,NA
1204,Brown,Altamira,No,None,NA
1205,Brown,Altamira,No,None,NA
1206,Brown,Altamira,No,None,NA
1207,Brown,Altamira,No,None,NA
1208,Brown,Altamira,No,None,NA
1209,Brown,Altamira,No,None,NA
1210,Brown,Altamira,No,None,NA
1211,Brown,Altamira,No,None,NA
1212,Brown,Altamira,No,None,NA
1213,Brown,Altamira,No,None,NA
1214,Brown,Altamira,No,None,NA
1215,Brown,Altamira,No,None,NA
1216,Brown,Altamira,No,None,NA
1217,Brown,Altamira,No,None,NA
1218,Brown,Altamira,No,None,NA
1219,Brown,Altamira,No,None,NA
1220,Brown,Altamira,No,None,NA
1221,Brown,Altamira,No,None,NA
1222,Brown,Altamira,No,None,NA
1223,Brown,Altamira,No,None,NA
1224,Brown,Altamira,No,None,NA
1225,Brown,Altamira,No,None,NA
1226,Brown,Altamira,No,None,NA
1227,Brown,Altamira,No,None,NA
1228,Brown,Altamira,No,None,NA
1229,Brown,Altamira,No,None,NA
1230,Brown,Altamira,No,None,NA
1231,Brown,Altamira,No,None,NA
1232,Brown,Altamira,No,None,NA
1233,Brown,Altamira,No,None,NA
1234,Brown,Altamira,No,None,NA
1235,Brown,Altamira,No,None,NA
1236,Brown,Altamira,No,None,NA
1237,Brown,Altamira,No,None,NA
1238,Brown,Altamira,No,None,NA
1239,Brown,Altamira,No,None,NA
1240,Brown,Altamira,No,None,NA
1241,Brown,Altamira,No,None,NA
1242,Brown,Altamira,No,None,NA
1243,Brown,Altamira,No,None,NA
1244,Brown,Altamira,No,None,NA
1245,Brown,Altamira,No,None,NA
1246,Brown,Altamira,No,None,NA
1247,Brown,Altamira,No,None,NA
1248,Brown,Altamira,No,None,NA
1249,Brown,Altamira,No,None,NA
1250,Brown,Altamira,No,None,NA
1251,Brown,Altamira,No,None,NA
1252,Brown,Altamira,No,None,NA
1253,Brown,Altamira,No,None,NA
1254,Brown,Altamira,No,None,NA
1255,Brown,Altamira,No,None,NA
1256,Brown,Altamira,No,None,NA
1257,Brown,Altamira,No,None,NA
1258,Brown,Altamira,No,None,NA
1259,Brown,Altamira,No,None,NA
1260,Brown,Altamira,No,None,NA
1261,Brown,Altamira,No,None,NA
1262,Brown,Altamira,No,None,NA
1263,Brown,Altamira,No,None,NA
